,peak valley index,peak valley coordinate
0,120,0.24024
1,200,0.4004
2,280,0.56056
3,360,0.72072
4,450,0.9009
5,500,1.001
6,599,1.1992
7,659,1.31932
8,749,1.4995
9,819,1.63964
10,889,1.77978
11,979,1.95996
